"CAna_001.PV";"407011 L"
"CAna_001.Status";"406011"
"CAna_001.Tune_CtrlWd";"414601"
"CAna_001.Tune_DTRL";"414613"
"CAna_001.Tune_FLTR";"414606"
"CAna_001.Tune_HYS";"414611"
"CAna_001.Tune_LVL1";"414610"
"CAna_001.Tune_LVL2";"414609"
"CAna_001.Tune_LVL3";"414608"
"CAna_001.Tune_LVL4";"414607"
"CAna_001.Tune_MANUAL";"414602"
"CAna_001.Tune_MAXDEV";"414614"
"CAna_001.Tune_TCRHL";"414604"
"CAna_001.Tune_TCRLL";"414605"
"CAna_001.Tune_UTRL";"414612"
"CAna_001.Tune_ZERO";"414603"
"CAna_002.PV";"407012"
"CAna_002.Status";"406012"
"CAna_002.Tune_CtrlWd";"414615"
"CAna_002.Tune_DTRL";"414627"
"CAna_002.Tune_FLTR";"414620"
"CAna_002.Tune_HYS";"414625"
"CAna_002.Tune_LVL1";"414624"
"CAna_002.Tune_LVL2";"414623"
"CAna_002.Tune_LVL3";"414622"
"CAna_002.Tune_LVL4";"414621"
"CAna_002.Tune_MANUAL";"414616"
"CAna_002.Tune_MAXDEV";"414628"
"CAna_002.Tune_TCRHL";"414618"
"CAna_002.Tune_TCRLL";"414619"
"CAna_002.Tune_UTRL";"414626"
"CAna_002.Tune_ZERO";"414617"
"CAna_003.PV";"407013"
"CAna_003.Status";"406013"
"CAna_003.Tune_CtrlWd";"414629"
"CAna_003.Tune_DTRL";"414641"
"CAna_003.Tune_FLTR";"414634"
"CAna_003.Tune_HYS";"414639"
"CAna_003.Tune_LVL1";"414638"
"CAna_003.Tune_LVL2";"414637"
"CAna_003.Tune_LVL3";"414636"
"CAna_003.Tune_LVL4";"414635"
"CAna_003.Tune_MANUAL";"414630"
"CAna_003.Tune_MAXDEV";"414642"
"CAna_003.Tune_TCRHL";"414632"
"CAna_003.Tune_TCRLL";"414633"
"CAna_003.Tune_UTRL";"414640"
"CAna_003.Tune_ZERO";"414631"
"CAna_004.PV";"407014"
"CAna_004.Status";"406014"
"CAna_004.Tune_CtrlWd";"414643"
"CAna_004.Tune_DTRL";"414655"
"CAna_004.Tune_FLTR";"414648"
"CAna_004.Tune_HYS";"414653"
"CAna_004.Tune_LVL1";"414652"
"CAna_004.Tune_LVL2";"414651"
"CAna_004.Tune_LVL3";"414650"
"CAna_004.Tune_LVL4";"414649"
"CAna_004.Tune_MANUAL";"414644"
"CAna_004.Tune_MAXDEV";"414656"
"CAna_004.Tune_TCRHL";"414646"
"CAna_004.Tune_TCRLL";"414647"
"CAna_004.Tune_UTRL";"414654"
"CAna_004.Tune_ZERO";"414645"
"CAna_005.PV";"407015"
"CAna_005.Status";"406015"
"CAna_005.Tune_CtrlWd";"414657"
"CAna_005.Tune_DTRL";"414669"
"CAna_005.Tune_FLTR";"414662"
"CAna_005.Tune_HYS";"414667"
"CAna_005.Tune_LVL1";"414666"
"CAna_005.Tune_LVL2";"414665"
"CAna_005.Tune_LVL3";"414664"
"CAna_005.Tune_LVL4";"414663"
"CAna_005.Tune_MANUAL";"414658"
"CAna_005.Tune_MAXDEV";"414670"
"CAna_005.Tune_TCRHL";"414660"
"CAna_005.Tune_TCRLL";"414661"
"CAna_005.Tune_UTRL";"414668"
"CAna_005.Tune_ZERO";"414659"
"CAna_006.PV";"407016"
"CAna_006.Status";"406016"
"CAna_006.Tune_CtrlWd";"414671"
"CAna_006.Tune_DTRL";"414683"
"CAna_006.Tune_FLTR";"414676"
"CAna_006.Tune_HYS";"414681"
"CAna_006.Tune_LVL1";"414680"
"CAna_006.Tune_LVL2";"414679"
"CAna_006.Tune_LVL3";"414678"
"CAna_006.Tune_LVL4";"414677"
"CAna_006.Tune_MANUAL";"414672"
"CAna_006.Tune_MAXDEV";"414684"
"CAna_006.Tune_TCRHL";"414674"
"CAna_006.Tune_TCRLL";"414675"
"CAna_006.Tune_UTRL";"414682"
"CAna_006.Tune_ZERO";"414673"
"CAna_007.PV";"407017"
"CAna_007.Status";"406017"
"CAna_007.Tune_CtrlWd";"414685"
"CAna_007.Tune_DTRL";"414697"
"CAna_007.Tune_FLTR";"414690"
"CAna_007.Tune_HYS";"414695"
"CAna_007.Tune_LVL1";"414694"
"CAna_007.Tune_LVL2";"414693"
"CAna_007.Tune_LVL3";"414692"
"CAna_007.Tune_LVL4";"414691"
"CAna_007.Tune_MANUAL";"414686"
"CAna_007.Tune_MAXDEV";"414698"
"CAna_007.Tune_TCRHL";"414688"
"CAna_007.Tune_TCRLL";"414689"
"CAna_007.Tune_UTRL";"414696"
"CAna_007.Tune_ZERO";"414687"
"CAna_008.PV";"407018"
"CAna_008.Status";"406018"
"CAna_008.Tune_CtrlWd";"414699"
"CAna_008.Tune_DTRL";"414711"
"CAna_008.Tune_FLTR";"414704"
"CAna_008.Tune_HYS";"414709"
"CAna_008.Tune_LVL1";"414708"
"CAna_008.Tune_LVL2";"414707"
"CAna_008.Tune_LVL3";"414706"
"CAna_008.Tune_LVL4";"414705"
"CAna_008.Tune_MANUAL";"414700"
"CAna_008.Tune_MAXDEV";"414712"
"CAna_008.Tune_TCRHL";"414702"
"CAna_008.Tune_TCRLL";"414703"
"CAna_008.Tune_UTRL";"414710"
"CAna_008.Tune_ZERO";"414701"
"CAna_009.PV";"407019"
"CAna_009.Status";"406019"
"CAna_009.Tune_CtrlWd";"414713"
"CAna_009.Tune_DTRL";"414725"
"CAna_009.Tune_FLTR";"414718"
"CAna_009.Tune_HYS";"414723"
"CAna_009.Tune_LVL1";"414722"
"CAna_009.Tune_LVL2";"414721"
"CAna_009.Tune_LVL3";"414720"
"CAna_009.Tune_LVL4";"414719"
"CAna_009.Tune_MANUAL";"414714"
"CAna_009.Tune_MAXDEV";"414726"
"CAna_009.Tune_TCRHL";"414716"
"CAna_009.Tune_TCRLL";"414717"
"CAna_009.Tune_UTRL";"414724"
"CAna_009.Tune_ZERO";"414715"
"CAna_010.PV";"407020"
"CAna_010.Status";"406020"
"CAna_010.Tune_CtrlWd";"414727"
"CAna_010.Tune_DTRL";"414739"
"CAna_010.Tune_FLTR";"414732"
"CAna_010.Tune_HYS";"414737"
"CAna_010.Tune_LVL1";"414736"
"CAna_010.Tune_LVL2";"414735"
"CAna_010.Tune_LVL3";"414734"
"CAna_010.Tune_LVL4";"414733"
"CAna_010.Tune_MANUAL";"414728"
"CAna_010.Tune_MAXDEV";"414740"
"CAna_010.Tune_TCRHL";"414730"
"CAna_010.Tune_TCRLL";"414731"
"CAna_010.Tune_UTRL";"414738"
"CAna_010.Tune_ZERO";"414729"
"CAna_011.PV";"407021"
"CAna_011.Status";"406021"
"CAna_011.Tune_CtrlWd";"414741"
"CAna_011.Tune_DTRL";"414753"
"CAna_011.Tune_FLTR";"414746"
"CAna_011.Tune_HYS";"414751"
"CAna_011.Tune_LVL1";"414750"
"CAna_011.Tune_LVL2";"414749"
"CAna_011.Tune_LVL3";"414748"
"CAna_011.Tune_LVL4";"414747"
"CAna_011.Tune_MANUAL";"414742"
"CAna_011.Tune_MAXDEV";"414754"
"CAna_011.Tune_TCRHL";"414744"
"CAna_011.Tune_TCRLL";"414745"
"CAna_011.Tune_UTRL";"414752"
"CAna_011.Tune_ZERO";"414743"
"CAna_012.PV";"407022"
"CAna_012.Status";"406022"
"CAna_012.Tune_CtrlWd";"414755"
"CAna_012.Tune_DTRL";"414767"
"CAna_012.Tune_FLTR";"414760"
"CAna_012.Tune_HYS";"414765"
"CAna_012.Tune_LVL1";"414764"
"CAna_012.Tune_LVL2";"414763"
"CAna_012.Tune_LVL3";"414762"
"CAna_012.Tune_LVL4";"414761"
"CAna_012.Tune_MANUAL";"414756"
"CAna_012.Tune_MAXDEV";"414768"
"CAna_012.Tune_TCRHL";"414758"
"CAna_012.Tune_TCRLL";"414759"
"CAna_012.Tune_UTRL";"414766"
"CAna_012.Tune_ZERO";"414757"
"CAna_013.PV";"407023"
"CAna_013.Status";"406023"
"CAna_013.Tune_CtrlWd";"414769"
"CAna_013.Tune_DTRL";"414781"
"CAna_013.Tune_FLTR";"414774"
"CAna_013.Tune_HYS";"414779"
"CAna_013.Tune_LVL1";"414778"
"CAna_013.Tune_LVL2";"414777"
"CAna_013.Tune_LVL3";"414776"
"CAna_013.Tune_LVL4";"414775"
"CAna_013.Tune_MANUAL";"414770"
"CAna_013.Tune_MAXDEV";"414782"
"CAna_013.Tune_TCRHL";"414772"
"CAna_013.Tune_TCRLL";"414773"
"CAna_013.Tune_UTRL";"414780"
"CAna_013.Tune_ZERO";"414771"
"CAna_014.PV";"407024"
"CAna_014.Status";"406024"
"CAna_014.Tune_CtrlWd";"414783"
"CAna_014.Tune_DTRL";"414795"
"CAna_014.Tune_FLTR";"414788"
"CAna_014.Tune_HYS";"414793"
"CAna_014.Tune_LVL1";"414792"
"CAna_014.Tune_LVL2";"414791"
"CAna_014.Tune_LVL3";"414790"
"CAna_014.Tune_LVL4";"414789"
"CAna_014.Tune_MANUAL";"414784"
"CAna_014.Tune_MAXDEV";"414796"
"CAna_014.Tune_TCRHL";"414786"
"CAna_014.Tune_TCRLL";"414787"
"CAna_014.Tune_UTRL";"414794"
"CAna_014.Tune_ZERO";"414785"
"CAna_015.PV";"407025"
"CAna_015.Status";"406025"
"CAna_015.Tune_CtrlWd";"414797"
"CAna_015.Tune_DTRL";"414809"
"CAna_015.Tune_FLTR";"414802"
"CAna_015.Tune_HYS";"414807"
"CAna_015.Tune_LVL1";"414806"
"CAna_015.Tune_LVL2";"414805"
"CAna_015.Tune_LVL3";"414804"
"CAna_015.Tune_LVL4";"414803"
"CAna_015.Tune_MANUAL";"414798"
"CAna_015.Tune_MAXDEV";"414810"
"CAna_015.Tune_TCRHL";"414800"
"CAna_015.Tune_TCRLL";"414801"
"CAna_015.Tune_UTRL";"414808"
"CAna_015.Tune_ZERO";"414799"
"CAna_016.PV";"407026"
"CAna_016.Status";"406026"
"CAna_016.Tune_CtrlWd";"414811"
"CAna_016.Tune_DTRL";"414823"
"CAna_016.Tune_FLTR";"414816"
"CAna_016.Tune_HYS";"414821"
"CAna_016.Tune_LVL1";"414820"
"CAna_016.Tune_LVL2";"414819"
"CAna_016.Tune_LVL3";"414818"
"CAna_016.Tune_LVL4";"414817"
"CAna_016.Tune_MANUAL";"414812"
"CAna_016.Tune_MAXDEV";"414824"
"CAna_016.Tune_TCRHL";"414814"
"CAna_016.Tune_TCRLL";"414815"
"CAna_016.Tune_UTRL";"414822"
"CAna_016.Tune_ZERO";"414813"
"CAna_017.PV";"407027"
"CAna_017.Status";"406027"
"CAna_017.Tune_CtrlWd";"414825"
"CAna_017.Tune_DTRL";"414837"
"CAna_017.Tune_FLTR";"414830"
"CAna_017.Tune_HYS";"414835"
"CAna_017.Tune_LVL1";"414834"
"CAna_017.Tune_LVL2";"414833"
"CAna_017.Tune_LVL3";"414832"
"CAna_017.Tune_LVL4";"414831"
"CAna_017.Tune_MANUAL";"414826"
"CAna_017.Tune_MAXDEV";"414838"
"CAna_017.Tune_TCRHL";"414828"
"CAna_017.Tune_TCRLL";"414829"
"CAna_017.Tune_UTRL";"414836"
"CAna_017.Tune_ZERO";"414827"
"CAna_018.PV";"407028"
"CAna_018.Status";"406028"
"CAna_018.Tune_CtrlWd";"414839"
"CAna_018.Tune_DTRL";"414851"
"CAna_018.Tune_FLTR";"414844"
"CAna_018.Tune_HYS";"414849"
"CAna_018.Tune_LVL1";"414848"
"CAna_018.Tune_LVL2";"414847"
"CAna_018.Tune_LVL3";"414846"
"CAna_018.Tune_LVL4";"414845"
"CAna_018.Tune_MANUAL";"414840"
"CAna_018.Tune_MAXDEV";"414852"
"CAna_018.Tune_TCRHL";"414842"
"CAna_018.Tune_TCRLL";"414843"
"CAna_018.Tune_UTRL";"414850"
"CAna_018.Tune_ZERO";"414841"
"CAna_019.PV";"407029"
"CAna_019.Status";"406029"
"CAna_019.Tune_CtrlWd";"414853"
"CAna_019.Tune_DTRL";"414865"
"CAna_019.Tune_FLTR";"414858"
"CAna_019.Tune_HYS";"414863"
"CAna_019.Tune_LVL1";"414862"
"CAna_019.Tune_LVL2";"414861"
"CAna_019.Tune_LVL3";"414860"
"CAna_019.Tune_LVL4";"414859"
"CAna_019.Tune_MANUAL";"414854"
"CAna_019.Tune_MAXDEV";"414866"
"CAna_019.Tune_TCRHL";"414856"
"CAna_019.Tune_TCRLL";"414857"
"CAna_019.Tune_UTRL";"414864"
"CAna_019.Tune_ZERO";"414855"
"CAna_020.PV";"407030"
"CAna_020.Status";"406030"
"CAna_020.Tune_CtrlWd";"414867"
"CAna_020.Tune_DTRL";"414879"
"CAna_020.Tune_FLTR";"414872"
"CAna_020.Tune_HYS";"414877"
"CAna_020.Tune_LVL1";"414876"
"CAna_020.Tune_LVL2";"414875"
"CAna_020.Tune_LVL3";"414874"
"CAna_020.Tune_LVL4";"414873"
"CAna_020.Tune_MANUAL";"414868"
"CAna_020.Tune_MAXDEV";"414880"
"CAna_020.Tune_TCRHL";"414870"
"CAna_020.Tune_TCRLL";"414871"
"CAna_020.Tune_UTRL";"414878"
"CAna_020.Tune_ZERO";"414869"
"CAna_021.PV";"407031"
"CAna_021.Status";"406031"
"CAna_021.Tune_CtrlWd";"414881"
"CAna_021.Tune_DTRL";"414893"
"CAna_021.Tune_FLTR";"414886"
"CAna_021.Tune_HYS";"414891"
"CAna_021.Tune_LVL1";"414890"
"CAna_021.Tune_LVL2";"414889"
"CAna_021.Tune_LVL3";"414888"
"CAna_021.Tune_LVL4";"414887"
"CAna_021.Tune_MANUAL";"414882"
"CAna_021.Tune_MAXDEV";"414894"
"CAna_021.Tune_TCRHL";"414884"
"CAna_021.Tune_TCRLL";"414885"
"CAna_021.Tune_UTRL";"414892"
"CAna_021.Tune_ZERO";"414883"
"CAna_022.PV";"407032"
"CAna_022.Status";"406032"
"CAna_022.Tune_CtrlWd";"414895"
"CAna_022.Tune_DTRL";"414907"
"CAna_022.Tune_FLTR";"414900"
"CAna_022.Tune_HYS";"414905"
"CAna_022.Tune_LVL1";"414904"
"CAna_022.Tune_LVL2";"414903"
"CAna_022.Tune_LVL3";"414902"
"CAna_022.Tune_LVL4";"414901"
"CAna_022.Tune_MANUAL";"414896"
"CAna_022.Tune_MAXDEV";"414908"
"CAna_022.Tune_TCRHL";"414898"
"CAna_022.Tune_TCRLL";"414899"
"CAna_022.Tune_UTRL";"414906"
"CAna_022.Tune_ZERO";"414897"
"CAna_023.PV";"407033"
"CAna_023.Status";"406033"
"CAna_023.Tune_CtrlWd";"414909"
"CAna_023.Tune_DTRL";"414921"
"CAna_023.Tune_FLTR";"414914"
"CAna_023.Tune_HYS";"414919"
"CAna_023.Tune_LVL1";"414918"
"CAna_023.Tune_LVL2";"414917"
"CAna_023.Tune_LVL3";"414916"
"CAna_023.Tune_LVL4";"414915"
"CAna_023.Tune_MANUAL";"414910"
"CAna_023.Tune_MAXDEV";"414922"
"CAna_023.Tune_TCRHL";"414912"
"CAna_023.Tune_TCRLL";"414913"
"CAna_023.Tune_UTRL";"414920"
"CAna_023.Tune_ZERO";"414911"
"CAna_024.PV";"407034"
"CAna_024.Status";"406034"
"CAna_024.Tune_CtrlWd";"414923"
"CAna_024.Tune_DTRL";"414935"
"CAna_024.Tune_FLTR";"414928"
"CAna_024.Tune_HYS";"414933"
"CAna_024.Tune_LVL1";"414932"
"CAna_024.Tune_LVL2";"414931"
"CAna_024.Tune_LVL3";"414930"
"CAna_024.Tune_LVL4";"414929"
"CAna_024.Tune_MANUAL";"414924"
"CAna_024.Tune_MAXDEV";"414936"
"CAna_024.Tune_TCRHL";"414926"
"CAna_024.Tune_TCRLL";"414927"
"CAna_024.Tune_UTRL";"414934"
"CAna_024.Tune_ZERO";"414925"
"CAna_025.PV";"407035"
"CAna_025.Status";"406035"
"CAna_025.Tune_CtrlWd";"414937"
"CAna_025.Tune_DTRL";"414949"
"CAna_025.Tune_FLTR";"414942"
"CAna_025.Tune_HYS";"414947"
"CAna_025.Tune_LVL1";"414946"
"CAna_025.Tune_LVL2";"414945"
"CAna_025.Tune_LVL3";"414944"
"CAna_025.Tune_LVL4";"414943"
"CAna_025.Tune_MANUAL";"414938"
"CAna_025.Tune_MAXDEV";"414950"
"CAna_025.Tune_TCRHL";"414940"
"CAna_025.Tune_TCRLL";"414941"
"CAna_025.Tune_UTRL";"414948"
"CAna_025.Tune_ZERO";"414939"
"CAna_026.PV";"407036"
"CAna_026.Status";"406036"
"CAna_026.Tune_CtrlWd";"414951"
"CAna_026.Tune_DTRL";"414963"
"CAna_026.Tune_FLTR";"414956"
"CAna_026.Tune_HYS";"414961"
"CAna_026.Tune_LVL1";"414960"
"CAna_026.Tune_LVL2";"414959"
"CAna_026.Tune_LVL3";"414958"
"CAna_026.Tune_LVL4";"414957"
"CAna_026.Tune_MANUAL";"414952"
"CAna_026.Tune_MAXDEV";"414964"
"CAna_026.Tune_TCRHL";"414954"
"CAna_026.Tune_TCRLL";"414955"
"CAna_026.Tune_UTRL";"414962"
"CAna_026.Tune_ZERO";"414953"
"CAna_027.PV";"407037"
"CAna_027.Status";"406037"
"CAna_027.Tune_CtrlWd";"414965"
"CAna_027.Tune_DTRL";"414977"
"CAna_027.Tune_FLTR";"414970"
"CAna_027.Tune_HYS";"414975"
"CAna_027.Tune_LVL1";"414974"
"CAna_027.Tune_LVL2";"414973"
"CAna_027.Tune_LVL3";"414972"
"CAna_027.Tune_LVL4";"414971"
"CAna_027.Tune_MANUAL";"414966"
"CAna_027.Tune_MAXDEV";"414978"
"CAna_027.Tune_TCRHL";"414968"
"CAna_027.Tune_TCRLL";"414969"
"CAna_027.Tune_UTRL";"414976"
"CAna_027.Tune_ZERO";"414967"
"CAna_028.PV";"407038"
"CAna_028.Status";"406038"
"CAna_028.Tune_CtrlWd";"414979"
"CAna_028.Tune_DTRL";"414991"
"CAna_028.Tune_FLTR";"414984"
"CAna_028.Tune_HYS";"414989"
"CAna_028.Tune_LVL1";"414988"
"CAna_028.Tune_LVL2";"414987"
"CAna_028.Tune_LVL3";"414986"
"CAna_028.Tune_LVL4";"414985"
"CAna_028.Tune_MANUAL";"414980"
"CAna_028.Tune_MAXDEV";"414992"
"CAna_028.Tune_TCRHL";"414982"
"CAna_028.Tune_TCRLL";"414983"
"CAna_028.Tune_UTRL";"414990"
"CAna_028.Tune_ZERO";"414981"
"CAna_029.PV";"407039"
"CAna_029.Status";"406039"
"CAna_029.Tune_CtrlWd";"414993"
"CAna_029.Tune_DTRL";"415005"
"CAna_029.Tune_FLTR";"414998"
"CAna_029.Tune_HYS";"415003"
"CAna_029.Tune_LVL1";"415002"
"CAna_029.Tune_LVL2";"415001"
"CAna_029.Tune_LVL3";"415000"
"CAna_029.Tune_LVL4";"414999"
"CAna_029.Tune_MANUAL";"414994"
"CAna_029.Tune_MAXDEV";"415006"
"CAna_029.Tune_TCRHL";"414996"
"CAna_029.Tune_TCRLL";"414997"
"CAna_029.Tune_UTRL";"415004"
"CAna_029.Tune_ZERO";"414995"
"CAna_030.PV";"407040"
"CAna_030.Status";"406040"
"CAna_030.Tune_CtrlWd";"415007"
"CAna_030.Tune_DTRL";"415019"
"CAna_030.Tune_FLTR";"415012"
"CAna_030.Tune_HYS";"415017"
"CAna_030.Tune_LVL1";"415016"
"CAna_030.Tune_LVL2";"415015"
"CAna_030.Tune_LVL3";"415014"
"CAna_030.Tune_LVL4";"415013"
"CAna_030.Tune_MANUAL";"415008"
"CAna_030.Tune_MAXDEV";"415020"
"CAna_030.Tune_TCRHL";"415010"
"CAna_030.Tune_TCRLL";"415011"
"CAna_030.Tune_UTRL";"415018"
"CAna_030.Tune_ZERO";"415009"
"CAna_031.PV";"407041"
"CAna_031.Status";"406041"
"CAna_031.Tune_CtrlWd";"415021"
"CAna_031.Tune_DTRL";"415033"
"CAna_031.Tune_FLTR";"415026"
"CAna_031.Tune_HYS";"415031"
"CAna_031.Tune_LVL1";"415030"
"CAna_031.Tune_LVL2";"415029"
"CAna_031.Tune_LVL3";"415028"
"CAna_031.Tune_LVL4";"415027"
"CAna_031.Tune_MANUAL";"415022"
"CAna_031.Tune_MAXDEV";"415034"
"CAna_031.Tune_TCRHL";"415024"
"CAna_031.Tune_TCRLL";"415025"
"CAna_031.Tune_UTRL";"415032"
"CAna_031.Tune_ZERO";"415023"
"CAna_032.PV";"407042"
"CAna_032.Status";"406042"
"CAna_032.Tune_CtrlWd";"415035"
"CAna_032.Tune_DTRL";"415047"
"CAna_032.Tune_FLTR";"415040"
"CAna_032.Tune_HYS";"415045"
"CAna_032.Tune_LVL1";"415044"
"CAna_032.Tune_LVL2";"415043"
"CAna_032.Tune_LVL3";"415042"
"CAna_032.Tune_LVL4";"415041"
"CAna_032.Tune_MANUAL";"415036"
"CAna_032.Tune_MAXDEV";"415048"
"CAna_032.Tune_TCRHL";"415038"
"CAna_032.Tune_TCRLL";"415039"
"CAna_032.Tune_UTRL";"415046"
"CAna_032.Tune_ZERO";"415037"
"CAna_033.PV";"407043"
"CAna_033.Status";"406043"
"CAna_033.Tune_CtrlWd";"415049"
"CAna_033.Tune_DTRL";"415061"
"CAna_033.Tune_FLTR";"415054"
"CAna_033.Tune_HYS";"415059"
"CAna_033.Tune_LVL1";"415058"
"CAna_033.Tune_LVL2";"415057"
"CAna_033.Tune_LVL3";"415056"
"CAna_033.Tune_LVL4";"415055"
"CAna_033.Tune_MANUAL";"415050"
"CAna_033.Tune_MAXDEV";"415062"
"CAna_033.Tune_TCRHL";"415052"
"CAna_033.Tune_TCRLL";"415053"
"CAna_033.Tune_UTRL";"415060"
"CAna_033.Tune_ZERO";"415051"
"CAna_034.PV";"407044"
"CAna_034.Status";"406044"
"CAna_034.Tune_CtrlWd";"415063"
"CAna_034.Tune_DTRL";"415075"
"CAna_034.Tune_FLTR";"415068"
"CAna_034.Tune_HYS";"415073"
"CAna_034.Tune_LVL1";"415072"
"CAna_034.Tune_LVL2";"415071"
"CAna_034.Tune_LVL3";"415070"
"CAna_034.Tune_LVL4";"415069"
"CAna_034.Tune_MANUAL";"415064"
"CAna_034.Tune_MAXDEV";"415076"
"CAna_034.Tune_TCRHL";"415066"
"CAna_034.Tune_TCRLL";"415067"
"CAna_034.Tune_UTRL";"415074"
"CAna_034.Tune_ZERO";"415065"
"CAna_035.PV";"407045"
"CAna_035.Status";"406045"
"CAna_035.Tune_CtrlWd";"415077"
"CAna_035.Tune_DTRL";"415089"
"CAna_035.Tune_FLTR";"415082"
"CAna_035.Tune_HYS";"415087"
"CAna_035.Tune_LVL1";"415086"
"CAna_035.Tune_LVL2";"415085"
"CAna_035.Tune_LVL3";"415084"
"CAna_035.Tune_LVL4";"415083"
"CAna_035.Tune_MANUAL";"415078"
"CAna_035.Tune_MAXDEV";"415090"
"CAna_035.Tune_TCRHL";"415080"
"CAna_035.Tune_TCRLL";"415081"
"CAna_035.Tune_UTRL";"415088"
"CAna_035.Tune_ZERO";"415079"
"CAna_036.PV";"407046"
"CAna_036.Status";"406046"
"CAna_036.Tune_CtrlWd";"415091"
"CAna_036.Tune_DTRL";"415103"
"CAna_036.Tune_FLTR";"415096"
"CAna_036.Tune_HYS";"415101"
"CAna_036.Tune_LVL1";"415100"
"CAna_036.Tune_LVL2";"415099"
"CAna_036.Tune_LVL3";"415098"
"CAna_036.Tune_LVL4";"415097"
"CAna_036.Tune_MANUAL";"415092"
"CAna_036.Tune_MAXDEV";"415104"
"CAna_036.Tune_TCRHL";"415094"
"CAna_036.Tune_TCRLL";"415095"
"CAna_036.Tune_UTRL";"415102"
"CAna_036.Tune_ZERO";"415093"
"CAna_057.PV";"407047"
"CAna_057.Status";"406047"
"CAna_057.Tune_CtrlWd";"415385"
"CAna_057.Tune_DTRL";"415397"
"CAna_057.Tune_FLTR";"415390"
"CAna_057.Tune_HYS";"415395"
"CAna_057.Tune_LVL1";"415394"
"CAna_057.Tune_LVL2";"415393"
"CAna_057.Tune_LVL3";"415392"
"CAna_057.Tune_LVL4";"415391"
"CAna_057.Tune_MANUAL";"415386"
"CAna_057.Tune_MAXDEV";"415398"
"CAna_057.Tune_TCRHL";"415388"
"CAna_057.Tune_TCRLL";"415389"
"CAna_057.Tune_UTRL";"415396"
"CAna_057.Tune_ZERO";"415387"
"CAna_058.PV";"407068"
"CAna_058.Status";"406068"
"CAna_058.Tune_CtrlWd";"415399"
"CAna_058.Tune_DTRL";"415411"
"CAna_058.Tune_FLTR";"415404"
"CAna_058.Tune_HYS";"415409"
"CAna_058.Tune_LVL1";"415408"
"CAna_058.Tune_LVL2";"415407"
"CAna_058.Tune_LVL3";"415406"
"CAna_058.Tune_LVL4";"415405"
"CAna_058.Tune_MANUAL";"415400"
"CAna_058.Tune_MAXDEV";"415412"
"CAna_058.Tune_TCRHL";"415402"
"CAna_058.Tune_TCRLL";"415403"
"CAna_058.Tune_UTRL";"415410"
"CAna_058.Tune_ZERO";"415401"
"CAna_059.PV";"407069"
"CAna_059.Status";"406069"
"CAna_059.Tune_CtrlWd";"415413"
"CAna_059.Tune_DTRL";"415425"
"CAna_059.Tune_FLTR";"415418"
"CAna_059.Tune_HYS";"415423"
"CAna_059.Tune_LVL1";"415422"
"CAna_059.Tune_LVL2";"415421"
"CAna_059.Tune_LVL3";"415420"
"CAna_059.Tune_LVL4";"415419"
"CAna_059.Tune_MANUAL";"415414"
"CAna_059.Tune_MAXDEV";"415426"
"CAna_059.Tune_TCRHL";"415416"
"CAna_059.Tune_TCRLL";"415417"
"CAna_059.Tune_UTRL";"415424"
"CAna_059.Tune_ZERO";"415415"
"CAna_060.PV";"407070"
"CAna_060.Status";"406070"
"CAna_060.Tune_CtrlWd";"415427"
"CAna_060.Tune_DTRL";"415439"
"CAna_060.Tune_FLTR";"415432"
"CAna_060.Tune_HYS";"415437"
"CAna_060.Tune_LVL1";"415436"
"CAna_060.Tune_LVL2";"415435"
"CAna_060.Tune_LVL3";"415434"
"CAna_060.Tune_LVL4";"415433"
"CAna_060.Tune_MANUAL";"415428"
"CAna_060.Tune_MAXDEV";"415440"
"CAna_060.Tune_TCRHL";"415430"
"CAna_060.Tune_TCRLL";"415431"
"CAna_060.Tune_UTRL";"415438"
"CAna_060.Tune_ZERO";"415429"
"CAna_061.PV";"407071"
"CAna_061.Status";"406071"
"CAna_061.Tune_CtrlWd";"415441"
"CAna_061.Tune_DTRL";"415453"
"CAna_061.Tune_FLTR";"415446"
"CAna_061.Tune_HYS";"415451"
"CAna_061.Tune_LVL1";"415450"
"CAna_061.Tune_LVL2";"415449"
"CAna_061.Tune_LVL3";"415448"
"CAna_061.Tune_LVL4";"415447"
"CAna_061.Tune_MANUAL";"415442"
"CAna_061.Tune_MAXDEV";"415454"
"CAna_061.Tune_TCRHL";"415444"
"CAna_061.Tune_TCRLL";"415445"
"CAna_061.Tune_UTRL";"415452"
"CAna_061.Tune_ZERO";"415443"
"CAna_062.PV";"407072"
"CAna_062.Status";"406072"
"CAna_062.Tune_CtrlWd";"415455"
"CAna_062.Tune_DTRL";"415467"
"CAna_062.Tune_FLTR";"415460"
"CAna_062.Tune_HYS";"415465"
"CAna_062.Tune_LVL1";"415464"
"CAna_062.Tune_LVL2";"415463"
"CAna_062.Tune_LVL3";"415462"
"CAna_062.Tune_LVL4";"415461"
"CAna_062.Tune_MANUAL";"415456"
"CAna_062.Tune_MAXDEV";"415468"
"CAna_062.Tune_TCRHL";"415458"
"CAna_062.Tune_TCRLL";"415459"
"CAna_062.Tune_UTRL";"415466"
"CAna_062.Tune_ZERO";"415457"
"CAna_063.PV";"407073"
"CAna_063.Status";"406073"
"CAna_063.Tune_CtrlWd";"415469"
"CAna_063.Tune_DTRL";"415481"
"CAna_063.Tune_FLTR";"415474"
"CAna_063.Tune_HYS";"415479"
"CAna_063.Tune_LVL1";"415478"
"CAna_063.Tune_LVL2";"415477"
"CAna_063.Tune_LVL3";"415476"
"CAna_063.Tune_LVL4";"415475"
"CAna_063.Tune_MANUAL";"415470"
"CAna_063.Tune_MAXDEV";"415482"
"CAna_063.Tune_TCRHL";"415472"
"CAna_063.Tune_TCRLL";"415473"
"CAna_063.Tune_UTRL";"415480"
"CAna_063.Tune_ZERO";"415471"
"CAna_064.PV";"407074"
"CAna_064.Status";"406074"
"CAna_064.Tune_CtrlWd";"415483"
"CAna_064.Tune_DTRL";"415495"
"CAna_064.Tune_FLTR";"415488"
"CAna_064.Tune_HYS";"415493"
"CAna_064.Tune_LVL1";"415492"
"CAna_064.Tune_LVL2";"415491"
"CAna_064.Tune_LVL3";"415490"
"CAna_064.Tune_LVL4";"415489"
"CAna_064.Tune_MANUAL";"415484"
"CAna_064.Tune_MAXDEV";"415496"
"CAna_064.Tune_TCRHL";"415486"
"CAna_064.Tune_TCRLL";"415487"
"CAna_064.Tune_UTRL";"415494"
"CAna_064.Tune_ZERO";"415485"
"CAna_065.PV";"407075"
"CAna_065.Status";"406075"
"CAna_065.Tune_CtrlWd";"415497"
"CAna_065.Tune_DTRL";"415509"
"CAna_065.Tune_FLTR";"415502"
"CAna_065.Tune_HYS";"415507"
"CAna_065.Tune_LVL1";"415506"
"CAna_065.Tune_LVL2";"415505"
"CAna_065.Tune_LVL3";"415504"
"CAna_065.Tune_LVL4";"415503"
"CAna_065.Tune_MANUAL";"415498"
"CAna_065.Tune_MAXDEV";"415510"
"CAna_065.Tune_TCRHL";"415500"
"CAna_065.Tune_TCRLL";"415501"
"CAna_065.Tune_UTRL";"415508"
"CAna_065.Tune_ZERO";"415499"
"CAna_066.PV";"407076"
"CAna_066.Status";"406076"
"CAna_066.Tune_CtrlWd";"415511"
"CAna_066.Tune_DTRL";"415523"
"CAna_066.Tune_FLTR";"415516"
"CAna_066.Tune_HYS";"415521"
"CAna_066.Tune_LVL1";"415520"
"CAna_066.Tune_LVL2";"415519"
"CAna_066.Tune_LVL3";"415518"
"CAna_066.Tune_LVL4";"415517"
"CAna_066.Tune_MANUAL";"415512"
"CAna_066.Tune_MAXDEV";"415524"
"CAna_066.Tune_TCRHL";"415514"
"CAna_066.Tune_TCRLL";"415515"
"CAna_066.Tune_UTRL";"415522"
"CAna_066.Tune_ZERO";"415513"
"CAna_067.PV";"407077"
"CAna_067.Status";"406077"
"CAna_067.Tune_CtrlWd";"415525"
"CAna_067.Tune_DTRL";"415537"
"CAna_067.Tune_FLTR";"415530"
"CAna_067.Tune_HYS";"415535"
"CAna_067.Tune_LVL1";"415534"
"CAna_067.Tune_LVL2";"415533"
"CAna_067.Tune_LVL3";"415532"
"CAna_067.Tune_LVL4";"415531"
"CAna_067.Tune_MANUAL";"415526"
"CAna_067.Tune_MAXDEV";"415538"
"CAna_067.Tune_TCRHL";"415528"
"CAna_067.Tune_TCRLL";"415529"
"CAna_067.Tune_UTRL";"415536"
"CAna_067.Tune_ZERO";"415527"
"CAna_068.PV";"407078"
"CAna_068.Status";"406078"
"CAna_068.Tune_CtrlWd";"415539"
"CAna_068.Tune_DTRL";"415551"
"CAna_068.Tune_FLTR";"415544"
"CAna_068.Tune_HYS";"415549"
"CAna_068.Tune_LVL1";"415548"
"CAna_068.Tune_LVL2";"415547"
"CAna_068.Tune_LVL3";"415546"
"CAna_068.Tune_LVL4";"415545"
"CAna_068.Tune_MANUAL";"415540"
"CAna_068.Tune_MAXDEV";"415552"
"CAna_068.Tune_TCRHL";"415542"
"CAna_068.Tune_TCRLL";"415543"
"CAna_068.Tune_UTRL";"415550"
"CAna_068.Tune_ZERO";"415541"
"CAna_069.PV";"407079"
"CAna_069.Status";"406079"
"CAna_069.Tune_CtrlWd";"415553"
"CAna_069.Tune_DTRL";"415565"
"CAna_069.Tune_FLTR";"415558"
"CAna_069.Tune_HYS";"415563"
"CAna_069.Tune_LVL1";"415562"
"CAna_069.Tune_LVL2";"415561"
"CAna_069.Tune_LVL3";"415560"
"CAna_069.Tune_LVL4";"415559"
"CAna_069.Tune_MANUAL";"415554"
"CAna_069.Tune_MAXDEV";"415566"
"CAna_069.Tune_TCRHL";"415556"
"CAna_069.Tune_TCRLL";"415557"
"CAna_069.Tune_UTRL";"415564"
"CAna_069.Tune_ZERO";"415555"
"CAna_070.PV";"407080"
"CAna_070.Status";"406080"
"CAna_070.Tune_CtrlWd";"415567"
"CAna_070.Tune_DTRL";"415579"
"CAna_070.Tune_FLTR";"415572"
"CAna_070.Tune_HYS";"415577"
"CAna_070.Tune_LVL1";"415576"
"CAna_070.Tune_LVL2";"415575"
"CAna_070.Tune_LVL3";"415574"
"CAna_070.Tune_LVL4";"415573"
"CAna_070.Tune_MANUAL";"415568"
"CAna_070.Tune_MAXDEV";"415580"
"CAna_070.Tune_TCRHL";"415570"
"CAna_070.Tune_TCRLL";"415571"
"CAna_070.Tune_UTRL";"415578"
"CAna_070.Tune_ZERO";"415569"
"CAna_071.PV";"407081"
"CAna_071.Status";"406081"
"CAna_071.Tune_CtrlWd";"415581"
"CAna_071.Tune_DTRL";"415593"
"CAna_071.Tune_FLTR";"415586"
"CAna_071.Tune_HYS";"415591"
"CAna_071.Tune_LVL1";"415590"
"CAna_071.Tune_LVL2";"415589"
"CAna_071.Tune_LVL3";"415588"
"CAna_071.Tune_LVL4";"415587"
"CAna_071.Tune_MANUAL";"415582"
"CAna_071.Tune_MAXDEV";"415594"
"CAna_071.Tune_TCRHL";"415584"
"CAna_071.Tune_TCRLL";"415585"
"CAna_071.Tune_UTRL";"415592"
"CAna_071.Tune_ZERO";"415583"
"CAna_072.PV";"407082"
"CAna_072.Status";"406082"
"CAna_072.Tune_CtrlWd";"415595"
"CAna_072.Tune_DTRL";"415607"
"CAna_072.Tune_FLTR";"415600"
"CAna_072.Tune_HYS";"415605"
"CAna_072.Tune_LVL1";"415604"
"CAna_072.Tune_LVL2";"415603"
"CAna_072.Tune_LVL3";"415602"
"CAna_072.Tune_LVL4";"415601"
"CAna_072.Tune_MANUAL";"415596"
"CAna_072.Tune_MAXDEV";"415608"
"CAna_072.Tune_TCRHL";"415598"
"CAna_072.Tune_TCRLL";"415599"
"CAna_072.Tune_UTRL";"415606"
"CAna_072.Tune_ZERO";"415597"
"CAna_073.PV";"407083"
"CAna_073.Status";"406083"
"CAna_073.Tune_CtrlWd";"415609"
"CAna_073.Tune_DTRL";"415621"
"CAna_073.Tune_FLTR";"415614"
"CAna_073.Tune_HYS";"415619"
"CAna_073.Tune_LVL1";"415618"
"CAna_073.Tune_LVL2";"415617"
"CAna_073.Tune_LVL3";"415616"
"CAna_073.Tune_LVL4";"415615"
"CAna_073.Tune_MANUAL";"415610"
"CAna_073.Tune_MAXDEV";"415622"
"CAna_073.Tune_TCRHL";"415612"
"CAna_073.Tune_TCRLL";"415613"
"CAna_073.Tune_UTRL";"415620"
"CAna_073.Tune_ZERO";"415611"
"CAna_074.PV";"407084"
"CAna_074.Status";"406084"
"CAna_074.Tune_CtrlWd";"415623"
"CAna_074.Tune_DTRL";"415635"
"CAna_074.Tune_FLTR";"415628"
"CAna_074.Tune_HYS";"415633"
"CAna_074.Tune_LVL1";"415632"
"CAna_074.Tune_LVL2";"415631"
"CAna_074.Tune_LVL3";"415630"
"CAna_074.Tune_LVL4";"415629"
"CAna_074.Tune_MANUAL";"415624"
"CAna_074.Tune_MAXDEV";"415636"
"CAna_074.Tune_TCRHL";"415626"
"CAna_074.Tune_TCRLL";"415627"
"CAna_074.Tune_UTRL";"415634"
"CAna_074.Tune_ZERO";"415625"
"CAna_075.PV";"407085"
"CAna_075.Status";"406085"
"CAna_075.Tune_CtrlWd";"415637"
"CAna_075.Tune_DTRL";"415649"
"CAna_075.Tune_FLTR";"415642"
"CAna_075.Tune_HYS";"415647"
"CAna_075.Tune_LVL1";"415646"
"CAna_075.Tune_LVL2";"415645"
"CAna_075.Tune_LVL3";"415644"
"CAna_075.Tune_LVL4";"415643"
"CAna_075.Tune_MANUAL";"415638"
"CAna_075.Tune_MAXDEV";"415650"
"CAna_075.Tune_TCRHL";"415640"
"CAna_075.Tune_TCRLL";"415641"
"CAna_075.Tune_UTRL";"415648"
"CAna_075.Tune_ZERO";"415639"
"CAna_076.PV";"407086"
"CAna_076.Status";"406086"
"CAna_076.Tune_CtrlWd";"415651"
"CAna_076.Tune_DTRL";"415663"
"CAna_076.Tune_FLTR";"415656"
"CAna_076.Tune_HYS";"415661"
"CAna_076.Tune_LVL1";"415660"
"CAna_076.Tune_LVL2";"415659"
"CAna_076.Tune_LVL3";"415658"
"CAna_076.Tune_LVL4";"415657"
"CAna_076.Tune_MANUAL";"415652"
"CAna_076.Tune_MAXDEV";"415664"
"CAna_076.Tune_TCRHL";"415654"
"CAna_076.Tune_TCRLL";"415655"
"CAna_076.Tune_UTRL";"415662"
"CAna_076.Tune_ZERO";"415653"
"CAna_077.PV";"407087"
"CAna_077.Status";"406087"
"CAna_077.Tune_CtrlWd";"415665"
"CAna_077.Tune_DTRL";"415677"
"CAna_077.Tune_FLTR";"415670"
"CAna_077.Tune_HYS";"415675"
"CAna_077.Tune_LVL1";"415674"
"CAna_077.Tune_LVL2";"415673"
"CAna_077.Tune_LVL3";"415672"
"CAna_077.Tune_LVL4";"415671"
"CAna_077.Tune_MANUAL";"415666"
"CAna_077.Tune_MAXDEV";"415678"
"CAna_077.Tune_TCRHL";"415668"
"CAna_077.Tune_TCRLL";"415669"
"CAna_077.Tune_UTRL";"415676"
"CAna_077.Tune_ZERO";"415667"
"CAna_078.PV";"407088"
"CAna_078.Status";"406088"
"CAna_078.Tune_CtrlWd";"415679"
"CAna_078.Tune_DTRL";"415691"
"CAna_078.Tune_FLTR";"415684"
"CAna_078.Tune_HYS";"415689"
"CAna_078.Tune_LVL1";"415688"
"CAna_078.Tune_LVL2";"415687"
"CAna_078.Tune_LVL3";"415686"
"CAna_078.Tune_LVL4";"415685"
"CAna_078.Tune_MANUAL";"415680"
"CAna_078.Tune_MAXDEV";"415692"
"CAna_078.Tune_TCRHL";"415682"
"CAna_078.Tune_TCRLL";"415683"
"CAna_078.Tune_UTRL";"415690"
"CAna_078.Tune_ZERO";"415681"
"CAna_079.PV";"407089"
"CAna_079.Status";"406089"
"CAna_079.Tune_CtrlWd";"415693"
"CAna_079.Tune_DTRL";"415705"
"CAna_079.Tune_FLTR";"415698"
"CAna_079.Tune_HYS";"415703"
"CAna_079.Tune_LVL1";"415702"
"CAna_079.Tune_LVL2";"415701"
"CAna_079.Tune_LVL3";"415700"
"CAna_079.Tune_LVL4";"415699"
"CAna_079.Tune_MANUAL";"415694"
"CAna_079.Tune_MAXDEV";"415706"
"CAna_079.Tune_TCRHL";"415696"
"CAna_079.Tune_TCRLL";"415697"
"CAna_079.Tune_UTRL";"415704"
"CAna_079.Tune_ZERO";"415695"
"CAna_080.PV";"407090"
"CAna_080.Status";"406090"
"CAna_080.Tune_CtrlWd";"415707"
"CAna_080.Tune_DTRL";"415719"
"CAna_080.Tune_FLTR";"415712"
"CAna_080.Tune_HYS";"415717"
"CAna_080.Tune_LVL1";"415716"
"CAna_080.Tune_LVL2";"415715"
"CAna_080.Tune_LVL3";"415714"
"CAna_080.Tune_LVL4";"415713"
"CAna_080.Tune_MANUAL";"415708"
"CAna_080.Tune_MAXDEV";"415720"
"CAna_080.Tune_TCRHL";"415710"
"CAna_080.Tune_TCRLL";"415711"
"CAna_080.Tune_UTRL";"415718"
"CAna_080.Tune_ZERO";"415709"
"CAna_081.PV";"407091"
"CAna_081.Status";"406091"
"CAna_081.Tune_CtrlWd";"415721"
"CAna_081.Tune_DTRL";"415733"
"CAna_081.Tune_FLTR";"415726"
"CAna_081.Tune_HYS";"415731"
"CAna_081.Tune_LVL1";"415730"
"CAna_081.Tune_LVL2";"415729"
"CAna_081.Tune_LVL3";"415728"
"CAna_081.Tune_LVL4";"415727"
"CAna_081.Tune_MANUAL";"415722"
"CAna_081.Tune_MAXDEV";"415734"
"CAna_081.Tune_TCRHL";"415724"
"CAna_081.Tune_TCRLL";"415725"
"CAna_081.Tune_UTRL";"415732"
"CAna_081.Tune_ZERO";"415723"
"CAna_107.PV";"407117"
"CAna_107.Status";"406106"
"CAna_107.Tune_CtrlWd";"416085"
"CAna_107.Tune_DTRL";"416097"
"CAna_107.Tune_FLTR";"416090"
"CAna_107.Tune_HYS";"416095"
"CAna_107.Tune_LVL1";"416094"
"CAna_107.Tune_LVL2";"416093"
"CAna_107.Tune_LVL3";"416092"
"CAna_107.Tune_LVL4";"416091"
"CAna_107.Tune_MANUAL";"416086"
"CAna_107.Tune_MAXDEV";"416098"
"CAna_107.Tune_TCRHL";"416088"
"CAna_107.Tune_TCRLL";"416089"
"CAna_107.Tune_UTRL";"416096"
"CAna_107.Tune_ZERO";"416087"
